TestCaseID,Title,StartTime,EndTime, Verdict , # Attempts , Comments
 0.1,  Pandora , 07-13 9:05 , 07-13 9:06 , FAILED , 1  
 0.1,  Pandora , 07-13 9:07 , 07-13 9:07 , FAILED , 1  
 0.1,  Pandora , 07-13 11:26 , 07-13 11:31 , FAILED , 1  
 0.1,  Pandora , 07-13 13:06 , 07-13 13:06 , FAILED , 1  
 0.1,  Pandora , 07-13 13:08 , 07-13 13:09 , FAILED , 1  
 0.1,  Pandora , 07-13 13:19 , 07-13 13:20 , FAILED , 1  
 0.1,  Pandora , 07-13 13:38 , 07-13 13:53 , NONE , 1  
 0.1,  Pandora , 07-13 14:20 , 07-13 14:36 , NONE , 1  
 0.1,  Pandora , 07-13 15:17 , 07-13 15:17 , NONE , 1  
 0.1,  Pandora , 07-13 15:18 , 07-13 15:18 , NONE , 1  
 0.1,  Pandora , 07-13 15:19 , 07-13 15:19 , FAILED , 1  
 0.1,  Pandora , 07-13 15:20 , 07-13 15:37 , NONE , 1  
